filename,cell_id,temp,charge_rate,discharge_rate,cycle,SOH,IC_bin_1,IC_bin_2,IC_bin_3,IC_bin_4,IC_bin_5,IC_bin_6,IC_bin_7,IC_bin_8,IC_bin_9,IC_bin_10,IC_bin_11,IC_bin_12,IC_bin_13,IC_bin_14,IC_bin_15,IC_bin_16,IC_bin_17,IC_bin_18,IC_bin_19,IC_bin_20
CY45-05_1-#3.csv,3,45,0.5,1.0,1,100.0,3.4065104903521477,3.4591872981329943,3.5517568512300524,3.7066226845902084,3.9283722881937098,4.159058800887741,4.285486676862521,4.294496001888376,4.238951492859587,4.164448709347694,4.100454993790018,4.0733896641089045,4.115600091402356,4.228459483371972,4.347062447498509,4.373003304823642,4.306685386332487,4.190231951864953,4.048782433022791,3.8971891809814667
CY45-05_1-#3.csv,3,45,0.5,1.0,2,99.98,3.3838407192561624,3.4372882209626607,3.5306899603873836,3.6714799943559653,3.879446004085272,4.1154823028857885,4.275286591774853,4.305281545879505,4.25275868909643,4.175668879736305,4.104421932800815,4.063656698223987,4.084499828951576,4.168652837658728,4.2818551944922945,4.347247935946349,4.301787381913632,4.173589710173906,4.021872451929771,3.874707862374213
CY45-05_1-#3.csv,3,45,0.5,1.0,3,99.93,3.370223993904038,3.421528214555838,3.5125714223509523,3.6505904375216605,3.8513138155655824,4.092362625266637,4.268993184083951,4.314824186869406,4.25461749237611,4.1754080799354565,4.110717772533555,4.06799048579073,4.073522514708077,4.147130665412155,4.246724895880502,4.296570206375701,4.266606047384628,4.167883849591047,4.020521961841637,3.8642901723405707
CY45-05_1-#3.csv,3,45,0.5,1.0,4,99.82,3.3527126935742064,3.403100589608297,3.495369079880859,3.6274377594796015,3.8171833762180065,4.063888128825051,4.263851273043286,4.3220757774881795,4.273030917660238,4.188897957159696,4.113834239737497,4.0510496656532835,4.035831216430552,4.103671072181883,4.218514751653607,4.287452534538543,4.257014585405487,4.147865897162993,4.000984623981144,3.857489784476971
CY45-05_1-#3.csv,3,45,0.5,1.0,5,99.72,3.3362036868718996,3.374263085001943,3.459706598518517,3.5939769559123276,3.797336543794599,4.050020889599325,4.24594096840986,4.3145108443195,4.274087735192005,4.187425071942707,4.109321972670767,4.056410204551474,4.03570299716392,4.072806108972122,4.170458499656852,4.250146345547146,4.240100484475178,4.151945047980557,4.015052071507201,3.8613746541315197
CY45-05_1-#3.csv,3,45,0.5,1.0,6,99.63,3.3296130961459407,3.3667885509038027,3.4512023071532454,3.580611461609203,3.77653258100564,4.026885255176003,4.240118815090494,4.318544284845419,4.286279458584251,4.204849534686594,4.116859850328875,4.050200368773875,4.029036130510521,4.0674122656182945,4.152234844543982,4.230889347673673,4.228353227067641,4.134998715121706,4.00145846092081,3.8638473554501616
CY45-05_1-#3.csv,3,45,0.5,1.0,7,99.53,3.3173487562434527,3.349545567948666,3.4307109609387,3.562315870914847,3.7579465849402593,4.011139890876309,4.232365878440962,4.324408471475414,4.296982008753201,4.205169731602193,4.119313314281361,4.052444638722566,4.016403616612279,4.0420610578509,4.121798872100125,4.2055433039445225,4.218058700125822,4.135322758516014,4.005412329661558,3.863523407318102
CY45-05_1-#3.csv,3,45,0.5,1.0,8,99.44,3.3100179590883423,3.3392770261260005,3.415601910429429,3.540139202767526,3.7271443005022467,3.9811501636249185,4.219623810651207,4.322849167447523,4.293273164190544,4.215853771003077,4.127872209733309,4.046783663393939,4.001769774720633,4.02605203087743,4.107677525183117,4.19370458998789,4.207552850175756,4.128239329235659,4.003683482449884,3.857190320503064
CY45-05_1-#3.csv,3,45,0.5,1.0,9,99.35,3.302432235430279,3.326888467660423,3.399126916655144,3.519553682775473,3.707545301666279,3.9585048000343654,4.200530617054879,4.321340482629917,4.301978824427004,4.218700701791956,4.127030456437041,4.049649293375555,4.008438423593926,4.023255629392101,4.088803717003865,4.1678814986235215,4.195132640592457,4.135342896016072,4.0092041886909096,3.86802021614425
CY45-05_1-#3.csv,3,45,0.5,1.0,10,99.25,3.2973447154609596,3.3184532976962577,3.388303761461885,3.5101456993465363,3.6934657488659184,3.944903883525361,4.181470879675168,4.301463922551544,4.307962639191245,4.228805842270679,4.127078652882653,4.042804756783304,3.9930494631611073,3.997742035534101,4.067483692297447,4.159217816424639,4.1839676975562945,4.115009263762719,3.994169389066031,3.8580625631466754
CY45-05_1-#3.csv,3,45,0.5,1.0,11,99.14,3.2924552767867463,3.3116476701344233,3.3796082269229513,3.4928368735642588,3.667353196962224,3.9240600626537008,4.1939404912135485,4.324309581287454,4.309253871808164,4.2305055860151075,4.129943545264771,4.039892148634476,3.9914096733441076,3.9979429375562967,4.059821721910629,4.147793506447647,4.181666780252954,4.109093910350134,3.986585964246562,3.853253225154541
CY45-05_1-#3.csv,3,45,0.5,1.0,12,99.05,3.278351004161727,3.3022201463748924,3.369199170471761,3.4820566409865874,3.6559708152256167,3.897299494073324,4.15013418767209,4.301037109592444,4.309520476434829,4.234520383684356,4.13426296478337,4.044286556555532,3.9877902449100118,3.988417511796725,4.049047242788051,4.121844210110723,4.152528973721286,4.107412722071443,3.9947533257426167,3.85223415209408
CY45-05_1-#3.csv,3,45,0.5,1.0,13,98.96,3.279774390613356,3.2936371902467103,3.3502328572420472,3.45534110130988,3.6279505041963516,3.8759215272299716,4.1476566507422,4.301574463712378,4.309545902685037,4.2366939005459905,4.14502253667865,4.053713656859249,3.993046982586461,3.9776477246062236,4.01838537740728,4.100603401366608,4.15121693887867,4.106024672800366,3.990817194391079,3.8578217336295526
CY45-05_1-#3.csv,3,45,0.5,1.0,14,98.88,3.267254114543139,3.2786212544391455,3.338785519515068,3.4461645413671005,3.614133911558488,3.8540468787045197,4.135371953106947,4.306958200205459,4.311877745056626,4.231911611296463,4.138123925761689,4.0489691296982615,3.982381112412659,3.967385864022286,4.012928029778987,4.0913351361004535,4.143334847382907,4.111675221291363,4.000364630423067,3.861031430206171
CY45-05_1-#3.csv,3,45,0.5,1.0,15,98.8,3.262632086488222,3.2764447590551424,3.3346693591980205,3.4348819650158675,3.5958682741286387,3.8370606989653933,4.1150317589610275,4.28291737562767,4.302538164235914,4.2438740791773775,4.146415356370848,4.052066226598944,3.9843157643266314,3.9590326412591175,3.9986184294388387,4.089054829477946,4.140767275068775,4.102015098332371,3.997133720015348,3.8599191061004543
CY45-05_1-#3.csv,3,45,0.5,1.0,16,98.71,3.2587828651275745,3.2691302965100033,3.3249931803861967,3.4255445405456615,3.587966429511633,3.82981180241679,4.104348998113615,4.2802836317701605,4.306983718318804,4.241792392219308,4.147080093798728,4.055749221325545,3.9900734549110783,3.96616294734374,3.997752338663604,4.071142400536418,4.11505896872137,4.0862921285973774,3.9949734657598395,3.8642970389753346
CY45-05_1-#3.csv,3,45,0.5,1.0,17,98.63,3.2528547277304485,3.264761076597539,3.3210917253284795,3.4175966596191274,3.564717626111116,3.80152238392059,4.095221775185294,4.286282705742539,4.304168013675327,4.240708411034731,4.150318258313153,4.059514876344501,3.9839296736120753,3.9535427101571567,3.9881548102983797,4.0602555498186,4.114390251238566,4.091395585336644,3.992670756800921,3.8627069552777598
CY45-05_1-#3.csv,3,45,0.5,1.0,18,98.55,3.2514973946891907,3.2582536374733757,3.3098211009944105,3.407690137402334,3.5586551721710293,3.785000662100734,4.06281164496393,4.263381885703799,4.3033034222811795,4.2410442482904624,4.14679572940977,4.05502081073045,3.982557842762736,3.955074447812575,3.9851048536149674,4.051451351627826,4.104221126927172,4.084650474449145,3.9848504622417837,3.85448202082301
CY45-05_1-#3.csv,3,45,0.5,1.0,19,98.47,3.245659847514622,3.2559709535421857,3.3058836120691546,3.3980673253024634,3.5453898235776196,3.7702364389178395,4.045941417883215,4.256987386217958,4.311201316302378,4.248648609678594,4.147381209338877,4.048835531560219,3.9828537110154016,3.9560128062815147,3.9693158603682157,4.027315571072665,4.088434864793669,4.0809439616004735,3.9909281966563084,3.858324339949761
CY45-05_1-#3.csv,3,45,0.5,1.0,20,98.38,3.237561199358142,3.2433867795211206,3.293720537489948,3.391145234923008,3.5397096766670044,3.761958601798693,4.034331027254647,4.240941844192652,4.305094212144492,4.253438712746761,4.158268545047714,4.059433690065592,3.9805742335896817,3.9416691407626216,3.9581039211687834,4.0284066975584105,4.09230785765262,4.075617815188596,3.9832703983439437,3.853616983482519
CY45-05_1-#3.csv,3,45,0.5,1.0,21,98.31,3.2386829767831484,3.246926662506426,3.292571407232552,3.379099572714079,3.523472551625465,3.7468898066070673,4.027126113434308,4.238847199367367,4.300339723724073,4.249312960092188,4.148393771857809,4.054055565770127,3.9853849675652415,3.9490012877090943,3.9603732523246222,4.0226037912288035,4.083470394691327,4.077667282046053,3.9889488057759124,3.85717680571827
CY45-05_1-#3.csv,3,45,0.5,1.0,22,98.23,3.234607917429326,3.2398499937685408,3.2858287544662224,3.374136407156904,3.510404326864447,3.720450668907702,4.000017142366174,4.229265509688327,4.30153560349061,4.254341297528524,4.160185893796223,4.058945061771788,3.975209185448028,3.9300490222578643,3.9450418208394966,4.011374547383519,4.076073842421187,4.068814930520426,3.9813668618479037,3.8569910037591484
CY45-05_1-#3.csv,3,45,0.5,1.0,23,98.15,3.2259231308067102,3.2331969352067444,3.278928973319415,3.3659931694639593,3.504804904540417,3.7173177271074556,3.9928231397900875,4.21850408791744,4.291705399443067,4.239693745071867,4.148725026132311,4.058525929449588,3.9827963409320803,3.9411823279022853,3.952080724455192,4.0088942331368544,4.067873012674233,4.065943682594032,3.990307633295348,3.8666022005790572
CY45-05_1-#3.csv,3,45,0.5,1.0,24,98.07,3.228817367523408,3.23485549022445,3.274213686013265,3.355156534143917,3.490438723352329,3.6979583582535063,3.9737392988527285,4.201933319182954,4.291696754922171,4.256190459899149,4.1612911912998,4.051570446691734,3.958825896494017,3.9144742228434986,3.933587600214432,4.002581643034664,4.065906227189829,4.064869118049169,3.990331661534257,3.867321995492062
CY45-05_1-#3.csv,3,45,0.5,1.0,25,97.99,3.2175777665074174,3.2187924591507073,3.2622322438715954,3.3477909467310063,3.481253157531306,3.6845708761064992,3.9565855714439846,4.194656467127958,4.286922481618635,4.255495595037702,4.154538412649712,4.050236497958987,3.976491945390857,3.9311128480703807,3.9268469491791995,3.980115611687825,4.055442006398211,4.066646168389706,3.988693310603682,3.863811501183878
CY45-05_1-#3.csv,3,45,0.5,1.0,27,97.89,3.2280315511138373,3.225486713714202,3.26595538364722,3.3505722420837345,3.477534302177531,3.6720267124675385,3.9356586160976343,4.1911226244109345,4.306425742419381,4.268782606777413,4.174903589833403,4.076799870629005,3.989635645077521,3.9296061373666955,3.923025234187288,3.973911363650765,4.0432996947287165,4.064063848092662,4.004123940354047,3.8883470945968863
CY45-05_1-#3.csv,3,45,0.5,1.0,28,97.8,3.20615025031641,3.2097218735486135,3.250851002766679,3.330727408204928,3.455747404944602,3.6516031922984484,3.923265566100946,4.178283329725742,4.291473657497662,4.259303865431043,4.152716782632509,4.047727453686017,3.966697855374955,3.9169839746199124,3.9191041258566686,3.9725018168974926,4.030470596680949,4.040794391923802,3.9851787244946046,3.8713114610016413
CY45-05_1-#3.csv,3,45,0.5,1.0,29,97.71,3.207836749595119,3.2046979082491385,3.239048498862444,3.3160814486399803,3.4419253738482274,3.638362856871288,3.9151335007287096,4.177672047046166,4.274631634864951,4.2268678078020985,4.142483626887367,4.062028332324058,3.9814404264035397,3.920298532843976,3.9109670942521615,3.951134471739222,4.013334430478346,4.0409582299618805,3.9806957033850576,3.86576645973228
CY45-05_1-#3.csv,3,45,0.5,1.0,30,97.63,3.20102189150081,3.204443791398671,3.2421282584371482,3.319033108636027,3.438367492538648,3.627196224116358,3.892939707177309,4.155170531367276,4.2728416897460475,4.2392150695202435,4.145955126660068,4.048883360880134,3.9630090297467717,3.912003392715772,3.9080457719993804,3.945978784508466,4.008554503959102,4.036323242363087,3.9790023429218127,3.8651835661075125
CY45-05_1-#3.csv,3,45,0.5,1.0,31,97.54,3.1860499748137254,3.1917428355254214,3.232990748488655,3.3107649323379014,3.428033940684822,3.6119560821290575,3.878872647632267,4.146747903554229,4.265683190368024,4.23691589346584,4.155509897956116,4.061573019452575,3.9631607666278312,3.892570262970754,3.881571089988328,3.9339326659562013,4.001598329644323,4.019156120454308,3.96694732373567,3.8636874734765336
CY45-05_1-#3.csv,3,45,0.5,1.0,32,97.47,3.1910529853949954,3.19443197579456,3.230285805646631,3.307099442183462,3.426763401628195,3.6070528455524413,3.8656300120470806,4.129064899215034,4.264806616092772,4.244376333151083,4.1547084056690045,4.049099682896665,3.956781895773322,3.9024742576288296,3.897885419435609,3.93778594967193,3.9902833943554064,4.015334550199206,3.975032046450602,3.865167228372321
CY45-05_1-#3.csv,3,45,0.5,1.0,33,97.39,3.188724247687876,3.187519853514024,3.223343580535381,3.298517182360974,3.413703539619648,3.5915020092497136,3.856761677520703,4.132364601419135,4.262342761778483,4.241017891486472,4.157031975296037,4.058341883654125,3.9684718124481697,3.903227450844751,3.882842671877413,3.9185528934998577,3.986012914051658,4.01696796174646,3.9677752430577216,3.861353963325676
CY45-05_1-#3.csv,3,45,0.5,1.0,34,97.31,3.180461446384024,3.1838677983656876,3.221188149213654,3.2972290086517457,3.4110822554612334,3.5883641298060676,3.8455119276698455,4.109197474794934,4.250879873047806,4.2428110841222235,4.160104712457566,4.050290207898493,3.956047090799689,3.899150301061775,3.8817115171596814,3.914106528056713,3.980958750433649,4.01823748814483,3.9722651989633,3.8610213656605836
CY45-05_1-#3.csv,3,45,0.5,1.0,35,97.24,3.1833137195457097,3.188155152594797,3.222347531516986,3.2907519574907056,3.3991077035923536,3.572231718315559,3.8327398694247363,4.111897381295557,4.257022365586594,4.241686322895982,4.1577842155667195,4.049641164818562,3.9552222594888584,3.89627164347868,3.8815643943051876,3.913698536111015,3.9703732523699786,3.9992590405965327,3.9578642997882767,3.858488142100401
CY45-05_1-#3.csv,3,45,0.5,1.0,36,97.15,3.1819201608999395,3.180373799759126,3.2094351643889407,3.279453717914517,3.39280862133423,3.565675513017964,3.8150987574360262,4.091158280449644,4.253166339788371,4.24515459282748,4.1437320515760305,4.037261969948829,3.9564777016270885,3.8979196812643946,3.8705379382878,3.893799904704601,3.953230169600649,3.990214729684534,3.959268100964277,3.8636779140549726
CY45-05_1-#3.csv,3,45,0.5,1.0,37,97.08,3.1730447189106252,3.1775626848090877,3.2110031885356274,3.2807653719945837,3.3896161343415585,3.559559412673899,3.812709482760506,4.085157851709694,4.233585232100403,4.2328890925230125,4.158764616626359,4.054016804292973,3.9584217753327504,3.894046854953488,3.8673879860212654,3.898080436491906,3.966272015931091,4.003408331116615,3.9573210757472195,3.856405321061279
CY45-05_1-#3.csv,3,45,0.5,1.0,38,97.01,3.170282371800378,3.1683025105793567,3.1990839423326527,3.2706234826063976,3.381457594847036,3.550338778204692,3.801595720043582,4.0804106232080395,4.23565931867978,4.236505398376823,4.153855993590022,4.050771940429367,3.957168434976903,3.887675296605043,3.8585009271961748,3.878142206311393,3.933262161164756,3.982729771325482,3.9602001237244857,3.872591880464365
CY45-05_1-#3.csv,3,45,0.5,1.0,39,96.92,3.1686810100033744,3.166587382546062,3.196354328932428,3.269006628214083,3.379862911468489,3.5432432324919105,3.784134446842832,4.063140592925008,4.2294997070102704,4.240947938353435,4.162648749539612,4.050281768040402,3.9518326555086354,3.8878901948470106,3.863577033793237,3.8820975809672906,3.931408679640622,3.974397289656105,3.958572003781995,3.861587231637062
CY45-05_1-#3.csv,3,45,0.5,1.0,40,96.84,3.162905584061385,3.166459188192932,3.195221031976818,3.2616420860960322,3.3684416393998498,3.5334155016336726,3.775034413295387,4.048768387175023,4.222393203687508,4.243700028889067,4.167631468850185,4.058817667375093,3.95366508490789,3.8810727542590993,3.858531770433251,3.878567718632158,3.9224159398181757,3.9637569106968287,3.9500706578395794,3.8609168467404027
CY45-05_1-#3.csv,3,45,0.5,1.0,41,96.76,3.1569208647626246,3.160485190318095,3.1890359236805548,3.253323265475984,3.360304813379051,3.523251321125762,3.76518065131192,4.047176855684236,4.227160291324296,4.239084390879553,4.154891781685541,4.0479195871553735,3.955529441646574,3.8871097495692655,3.8545666123339086,3.8659484247435554,3.914557592586537,3.9581416892876833,3.94428891602336,3.864690799611776
CY45-05_1-#3.csv,3,45,0.5,1.0,42,96.68,3.156102106578164,3.1585141680174176,3.1898996078226873,3.2568279107476474,3.3610635991874624,3.5204668530812318,3.753685545118169,4.031625896084862,4.216451295041634,4.238296014320628,4.161185061341987,4.05459969066346,3.956160375254025,3.8796479762645704,3.8414907386484685,3.8618400477838475,3.920760533598464,3.962712113744887,3.9438108316353393,3.857240850570616
CY45-05_1-#3.csv,3,45,0.5,1.0,43,96.63,3.157875929620324,3.1592033554901664,3.186747686689658,3.25261356987003,3.3537876839113543,3.5061981399957753,3.7371237591438136,4.016372883735338,4.212517306310737,4.246834882778391,4.165357379756402,4.057455255808675,3.9607921166282796,3.886457380079344,3.849599432037805,3.8600887916048228,3.9038208943855217,3.942646407930871,3.9266790736818953,3.8449213650809253
CY45-05_1-#3.csv,3,45,0.5,1.0,44,96.54,3.1481802334286773,3.1523796142328084,3.1802750099278696,3.2431211827983644,3.34713563263997,3.506753950351873,3.7362773383088004,4.009405119222877,4.204039883452678,4.237544043653147,4.160097821826673,4.058778931132771,3.9601096694294733,3.8749280916319906,3.8286180194770094,3.839872667062145,3.899629484575311,3.9514624596436403,3.9346744884395486,3.8486607875075523
CY45-05_1-#3.csv,3,45,0.5,1.0,45,96.46,3.1500404767458092,3.1539552753858033,3.1813871084053664,3.243818682272731,3.3413315559937447,3.4943694930173215,3.724170264639019,4.00331602758911,4.208849383767562,4.245801310633703,4.169143622754279,4.057628067911263,3.9554069806108925,3.8765162499256522,3.8360134279891516,3.8457982052124056,3.89053731164705,3.9322596297013352,3.9228889588192577,3.852001431916834
CY45-05_1-#3.csv,3,45,0.5,1.0,46,96.38,3.1464346675042427,3.1476034900536036,3.171585607367692,3.233342006185272,3.334664686199461,3.48380545292287,3.712867737102786,3.988010743032983,4.188879888756722,4.224948605972909,4.164669874693471,4.06462649224939,3.9676842334862648,3.8835395305764018,3.829576903776125,3.8337068439424207,3.8880207632934245,3.9364690048050917,3.92262953922569,3.844434347013875
CY45-05_1-#3.csv,3,45,0.5,1.0,47,96.3,3.139754707099472,3.143475367362975,3.1717463407372555,3.234908676395978,3.3324022651016945,3.475038327527035,3.693187168570019,3.9786417315832954,4.197992268748208,4.241489261224469,4.161451670623837,4.05604083549554,3.9584662255847363,3.877019508866041,3.8303024725349992,3.8374755269810676,3.882160277811557,3.9211153740243465,3.9109335792581006,3.8428242379154085
CY45-05_1-#3.csv,3,45,0.5,1.0,48,96.23,3.137421775668157,3.1412089528981864,3.1678513652695104,3.231196036382679,3.328817497596135,3.4721867911741344,3.6852668241805655,3.967548401737562,4.191301777445723,4.249781837232921,4.176935697184001,4.05831137113185,3.9507057918059254,3.871871710134195,3.83008231314819,3.832310700846305,3.8712123386304924,3.912688613444547,3.914258524803582,3.8516084203824095
CY45-05_1-#3.csv,3,45,0.5,1.0,49,96.17,3.1361763800132727,3.141183079426932,3.1662532842797675,3.22411601213981,3.3177317471609133,3.460848047760675,3.676771257422559,3.9600769904646396,4.188133298432074,4.241700559331217,4.16529478542619,4.046381452813528,3.94311634737494,3.867279503259292,3.821746453075218,3.824265567351587,3.8776282948282907,3.927265032342647,3.915849419481995,3.840115130005102
CY45-05_1-#3.csv,3,45,0.5,1.0,50,96.09,3.127292269032991,3.1333164358042325,3.160118725701237,3.219437890085522,3.3143688480975544,3.458183839999462,3.6776421230663576,3.9616200469825147,4.179621537940736,4.237461634683407,4.168532996710661,4.051078953273375,3.9485436518038703,3.8756044045123303,3.825118476694956,3.8164326278701814,3.8591468808219895,3.9125464609756726,3.9112465447902056,3.8344145251946657
CY45-05_1-#3.csv,3,45,0.5,1.0,51,96.0,3.13046937164456,3.136233739539899,3.158928133280003,3.2133475481398963,3.304068331922005,3.447498132311445,3.6664532562077854,3.944830744259766,4.170505161893656,4.2336066177865606,4.1680512784286,4.055886891426222,3.952550890627451,3.8722893148870057,3.816692040239271,3.807686088239737,3.8492352062788364,3.895569356437989,3.8940424901424264,3.8342177317188844
CY45-05_1-#3.csv,3,45,0.5,1.0,53,95.91,3.1440802574880937,3.1495604576457907,3.1675738951742347,3.2190231505179625,3.310962240231701,3.451900514499322,3.6576567820483543,3.9318288776680483,4.175217640950152,4.254069709603451,4.199413818505955,4.09169909943544,3.977055418899256,3.887599055775904,3.8322229657919986,3.822956467389508,3.8593385065407646,3.9068489751894266,3.9104322980215787,3.8515882086540367
CY45-05_1-#3.csv,3,45,0.5,1.0,54,95.83,3.1268602153018694,3.131418123382138,3.149883027813151,3.2020715380006277,3.2920604311005905,3.4299173249285255,3.637212443158426,3.9118271007256435,4.158812926674211,4.240941052564341,4.175749635995317,4.0606787811833405,3.9522400115548413,3.8674123391873487,3.8152046359241427,3.8085487132826783,3.845536136417596,3.892297559634085,3.8969323858888596,3.833010525970636
CY45-05_1-#3.csv,3,45,0.5,1.0,55,95.77,2.938114720026179,2.9699474640116383,3.041258661257489,3.1493216876436194,3.286415519401351,3.4559136868071088,3.6871384365000055,3.978548691581898,4.207230688120463,4.2746163226946905,4.218207891727479,4.107926251068299,3.9948228900944316,3.906984841524629,3.85460996419517,3.8496223970427033,3.8925643433515056,3.940205219242943,3.9376633044011102,3.8690156478816067
CY45-05_1-#3.csv,3,45,0.5,1.0,56,95.67,3.1130778935018606,3.1222488190435804,3.1446309236969108,3.1983306950932593,3.287284718012532,3.4186970076524044,3.6230145185311025,3.905635305142373,4.149096131392854,4.227522629350452,4.176141303803814,4.062888486257737,3.9476043656643864,3.8562630608566413,3.804659164846004,3.7993137866385878,3.83381378843161,3.875953640343526,3.8784183264437817,3.8283816896432463
CY45-05_1-#3.csv,3,45,0.5,1.0,57,95.6,3.1018922654846888,3.1128180224961306,3.1390809509074984,3.1938637652544477,3.28266491250167,3.413976653731439,3.6194650728816233,3.8863518071995022,4.1241566420967875,4.21238092982434,4.168774900870345,4.069040887669033,3.9632594242852273,3.8712988005086975,3.8043527246099806,3.784316284465896,3.820735735712121,3.871208499311106,3.883479730916442,3.829432752845356
CY45-05_1-#3.csv,3,45,0.5,1.0,58,95.53,3.1030498065211627,3.1109694606157787,3.1348970261830758,3.189118474296345,3.278732245104797,3.4090717451577315,3.6069695481964295,3.8793809879480836,4.130450575703687,4.223654300999688,4.1770463393074175,4.070673769255769,3.9610223353571117,3.868272093019682,3.8016512897438637,3.783607469296307,3.8185880631135998,3.8646085425653847,3.8721584997423637,3.820984713459134
CY45-05_1-#3.csv,3,45,0.5,1.0,59,95.47,3.1025347069739784,3.1095954098029366,3.130976768870778,3.185148763335199,3.2766566056681263,3.406926636187943,3.597915629778386,3.8637576128918725,4.122614721778722,4.228558857106395,4.1780589519468885,4.069574237229623,3.9583885964443244,3.8673391178217917,3.8076712798461525,3.792447404744308,3.8170467301316164,3.853495747981239,3.8625261802380715,3.818368825332328
CY45-05_1-#3.csv,3,45,0.5,1.0,60,95.39,3.1034178239256556,3.1145094425595032,3.1360570598336706,3.185303411805031,3.269556542351143,3.3984508779932656,3.5910996010600376,3.8545595727050066,4.112158109159269,4.215465763414067,4.176731923764568,4.072897098153155,3.9581743138265963,3.8622173761007743,3.798016183106702,3.7812501676535764,3.8113984798261584,3.8551552016266015,3.8666914494956215,3.8138073037908886
CY45-05_1-#3.csv,3,45,0.5,1.0,61,95.38,3.0980226203829564,3.1115473410788916,3.1362043585723662,3.1883504319924953,3.270085454183473,3.3929963722091085,3.583895618680277,3.847283198867099,4.108565065994523,4.221394383890871,4.182872266683646,4.0757528842517665,3.955487492882565,3.851196195149687,3.7883613308252997,3.776431916682708,3.80681501138202,3.8500795905479896,3.8621974679774542,3.814839381298475
CY45-05_1-#3.csv,3,45,0.5,1.0,62,95.31,3.0960853183538513,3.10694628624594,3.131269094718094,3.183327410449696,3.264986580280734,3.385603647638578,3.578118994342142,3.8470859958137638,4.109621767724052,4.228180243212594,4.180256169819751,4.0667490463054445,3.9557454886049372,3.86203142131756,3.797444783449464,3.776585285619804,3.8004736374326096,3.8434562928929137,3.859966422759202,3.813900251810772
CY45-05_1-#3.csv,3,45,0.5,1.0,63,95.24,3.097407055484273,3.1097979256387465,3.135491467112918,3.186972710624506,3.267397896883678,3.3847535050479913,3.5696351220854323,3.8336279743120536,4.106248943296896,4.228778836653696,4.179419680823449,4.071765750698786,3.9594011321332965,3.853122988170348,3.7827987838561707,3.7700921286040834,3.8045709707987085,3.8500389091889553,3.8592495125238484,3.8141620397791947
CY45-05_1-#3.csv,3,45,0.5,1.0,64,95.18,3.087008675539924,3.101093383886194,3.12660992249564,3.1793006311475125,3.2609221679874594,3.3781101521150645,3.5625247916691016,3.8338423720524024,4.098800921677026,4.209747109283778,4.162908663174766,4.058114589346574,3.9578885609769334,3.8694214411913896,3.7995387529994753,3.7678177455171626,3.7879811582445564,3.8390440260248653,3.8547604356976106,3.805517855298012
CY45-05_1-#3.csv,3,45,0.5,1.0,65,95.13,3.087484090185251,3.0971407308150667,3.1202718548722705,3.1735875824442767,3.257915516020815,3.38148663379237,3.56554068681624,3.825228443493838,4.084688040807385,4.202499492998849,4.181674397199196,4.08276372904278,3.96115738494897,3.8607233677568953,3.795366148264215,3.7656364719898687,3.7831882890304596,3.8298155745336624,3.844128152451533,3.7989258778249924
CY45-05_1-#3.csv,3,45,0.5,1.0,66,95.06,3.082508947573952,3.0951091926758663,3.120049337663683,3.173705049664649,3.25676310078801,3.3740535211577254,3.557851441076196,3.8165897331346734,4.082997193430443,4.198840061458896,4.171355404192322,4.072151451639204,3.961049729013994,3.8622934739295274,3.793609380921357,3.768366376181352,3.7849935816922007,3.8212176302926006,3.8369074560371828,3.796977387675609
CY45-05_1-#3.csv,3,45,0.5,1.0,67,94.99,3.0807988584682806,3.0970353666344357,3.1190797289880483,3.166060712814063,3.24705435501384,3.3674902604075303,3.546620652801281,3.803146140887906,4.0737980349300535,4.212019566074962,4.177313846191374,4.06593032030418,3.9491822146030278,3.8500330204225337,3.7854489823813426,3.7624685038565913,3.778661582256685,3.8186537523137427,3.839547170592711,3.807074548279078
CY45-05_1-#3.csv,3,45,0.5,1.0,68,94.93,3.0832295391191544,3.0963294310600413,3.1183089178109396,3.166854884194736,3.246201899143662,3.3625586402274976,3.542269309094961,3.8025941572031297,4.0749578149395385,4.208906552704255,4.176009101393936,4.07399824996785,3.9637899699300143,3.8633419003326397,3.790713577887934,3.7610456886900754,3.7730931268642194,3.8142728687580956,3.8360501966111222,3.795011378039683
CY45-05_1-#3.csv,3,45,0.5,1.0,69,94.87,3.074610790265589,3.093066846726761,3.121139890792164,3.173203601115302,3.2497159920760925,3.359630616663504,3.5291796719630204,3.784443285437328,4.059473474298163,4.202565146228829,4.175338865781053,4.074491355183202,3.967586970074131,3.87030511491835,3.791197787079144,3.754780843316157,3.7671105537953324,3.8075460427318646,3.831325894193995,3.7935168172482823
CY45-05_1-#3.csv,3,45,0.5,1.0,70,94.82,3.0722064978836308,3.089990295694225,3.1168693188680177,3.1660201757070903,3.2405885651662207,3.3516357616443635,3.5278788326368993,3.779242950740347,4.051554923379347,4.200349703564462,4.179779612534139,4.072475691961338,3.9557524260406844,3.8502529317169314,3.7752686660837154,3.7453327318032996,3.76455152491468,3.808735212637289,3.831416786725016,3.7932927288165463
CY45-05_1-#3.csv,3,45,0.5,1.0,71,94.76,3.0738253310759545,3.0916001848870716,3.1133200486117922,3.16019270364723,3.2385086579791524,3.355015289307856,3.5329577237438667,3.786762431888789,4.057922319818626,4.195287963723743,4.167855972619908,4.064492723067398,3.9526893100654106,3.8559720821793317,3.7852257374747493,3.750395481976923,3.763550976668579,3.804305977940696,3.8278951064222664,3.7928723070721806
CY45-05_1-#3.csv,3,45,0.5,1.0,72,94.69,3.0658948654478952,3.083900952674109,3.1097499108334943,3.160362129645793,3.2364488280693298,3.3477469329262206,3.520803325207791,3.7745615107463024,4.0519830617310815,4.199605797825127,4.174662753160184,4.066627742376307,3.954003636569374,3.8613268122465296,3.7957798046657008,3.764098731706802,3.767067791968333,3.795498703106397,3.817073189306704,3.7910830188013103
CY45-05_1-#3.csv,3,45,0.5,1.0,73,94.64,3.0701359660870224,3.0872366344709707,3.111229768508618,3.1607998543564384,3.2395043850242,3.3464172794618032,3.511147127913751,3.759360588431071,4.042120585561007,4.200577562611095,4.175289581490284,4.069771414374227,3.954048835344843,3.860519717309743,3.7875932109131836,3.746137488982839,3.752154924884057,3.786634814167758,3.8050173741914866,3.7787802752608606
CY45-05_1-#3.csv,3,45,0.5,1.0,74,94.58,3.0624881227645577,3.081195017481778,3.105427694244111,3.1532852645678076,3.228602332609445,3.3391016971699687,3.5040097675908046,3.7519824941328364,4.030105838745249,4.197205026843764,4.1879331816372805,4.084036193436458,3.961642177128623,3.854688222213853,3.775741626584631,3.7398005695568783,3.7530692800298575,3.793778700787783,3.812551756184829,3.780173314572041
CY45-05_1-#3.csv,3,45,0.5,1.0,75,94.53,3.0554084931654923,3.07916646961996,3.106832462032224,3.155208278435047,3.229933017025829,3.3348179018286546,3.4981316537479556,3.7430047126972275,4.025638583110685,4.1878282085843725,4.181502964958964,4.07411423052903,3.9559997304458223,3.859312245295554,3.7878651481449417,3.7468538074570197,3.749124990615877,3.780277512622184,3.79913235512284,3.7751502914929307
CY45-05_1-#3.csv,3,45,0.5,1.0,76,94.47,3.055913344151212,3.076291239335597,3.1015604470212677,3.1497317284408255,3.228216024190137,3.3375146449526056,3.498067174121823,3.7343139126431404,4.0131436197446595,4.186118490560149,4.186429597140756,4.078576120670324,3.959460505479418,3.86208328097542,3.778685381463595,3.727283777836195,3.7364654006705003,3.7872431829319577,3.8156224088598147,3.780375069208283
CY45-05_1-#3.csv,3,45,0.5,1.0,77,94.43,3.056985417754305,3.0733988817548044,3.0977667865511975,3.149265095530382,3.2291886978158018,3.334011996720132,3.495618260323409,3.7355001494641824,4.012112928965488,4.175426239142587,4.178635514485805,4.08942189772022,3.9659625875643054,3.8547021071086562,3.7718691949690024,3.728578923791039,3.7346745506006265,3.77767878634186,3.8057086595141603,3.779261032181234
CY45-05_1-#3.csv,3,45,0.5,1.0,79,94.35,3.0763286026840517,3.0965585654858288,3.118225217300349,3.165124555011652,3.24167857843205,3.3447589059529896,3.4928125266559715,3.719137210146754,4.003044127626589,4.193551236127038,4.224749917154057,4.140064541108009,3.9998291275758335,3.878721821599419,3.7970002497198654,3.7512627485296997,3.750854877996687,3.7832222159865743,3.8110294753822793,3.790880436842232
CY45-05_1-#3.csv,3,45,0.5,1.0,80,94.27,3.054255859763576,3.075399566546115,3.0992928136096727,3.1457583395314246,3.219608797503097,3.324537559112521,3.4847036925800094,3.7196080478824554,3.9903627842604834,4.176840709300416,4.193406885977131,4.102399673587159,3.9768589046401726,3.8533441360684266,3.7634070859253903,3.727267599089561,3.7357347054098837,3.7728138768897157,3.799782664140162,3.7738815337807297
CY45-05_1-#3.csv,3,45,0.5,1.0,81,94.22,3.0463154969918476,3.072152726802938,3.098591589304704,3.1438612223497717,3.2149642430288408,3.321826038694611,3.4794775813106034,3.7135611420451853,4.001755589675333,4.176373182704427,4.177223053985773,4.0819900038155,3.967282826987204,3.863109922913526,3.7746603022074847,3.721882251223229,3.7197763406485236,3.755332960551912,3.789619296006769,3.775380009322752
CY45-05_1-#3.csv,3,45,0.5,1.0,82,94.17,3.038144095085493,3.0622351967507835,3.091560497319862,3.141069804248647,3.214723982792241,3.317789686470826,3.4727090719143785,3.6995142806726067,3.9781011852268096,4.168641554934288,4.1819914393346584,4.086490237875052,3.9656013682073694,3.853528524405012,3.7636190020430713,3.7239191428373264,3.7304957021385223,3.7565789554702818,3.77544511112384,3.7593931819852537
CY45-05_1-#3.csv,3,45,0.5,1.0,83,94.13,3.0394545424129324,3.067711341333836,3.098103007312631,3.1452442389902266,3.2168791901276004,3.3163643810332477,3.4674057430565433,3.6912164517488497,3.966081232057266,4.1672289349016935,4.192882699797986,4.095834178147668,3.965666507155395,3.850109304208222,3.7640569361743754,3.7167590221610114,3.7136075034422737,3.742573678954461,3.771243165442699,3.760131668971532
CY45-05_1-#3.csv,3,45,0.5,1.0,84,94.07,3.040123331845068,3.060594918408283,3.0835835010482033,3.132118815059023,3.2081945631229383,3.3121025591409543,3.4624201199080886,3.6878724874541016,3.9673148568301047,4.167600803953516,4.182895360460819,4.0822463377457705,3.9613541477417624,3.858763943667533,3.773045738221948,3.7201302390651856,3.7133582914575176,3.7447142787189014,3.7738315114270753,3.7591277754240062
CY45-05_1-#3.csv,3,45,0.5,1.0,85,94.01,3.0382631415308663,3.0619577970214022,3.0857589015332816,3.1302849629789704,3.2002727361826975,3.299771814859468,3.4483388790526783,3.6801960712636186,3.972085385682257,4.165154534282883,4.179217810031164,4.0856679234274855,3.9587250350017897,3.8416128866535377,3.757183939601789,3.7088936259964376,3.706679579180381,3.7426800524220867,3.772411615809945,3.750916251586746
CY45-05_1-#3.csv,3,45,0.5,1.0,86,93.96,3.031133010802976,3.054393599530927,3.079869705069326,3.126954486649108,3.201099414318256,3.301987736371617,3.4487808564197775,3.672538007167367,3.9581064493376723,4.16216196190479,4.1868390994214435,4.094210005088279,3.9714084076532274,3.8559357907617575,3.763609314337385,3.7108826698380706,3.711252394306894,3.746231614237267,3.7732060301591868,3.757459009511686
CY45-05_1-#3.csv,3,45,0.5,1.0,87,93.91,3.0334655716439265,3.0628081537983025,3.0869303156862493,3.1279956658868615,3.1953719427874963,3.293871980438051,3.4452083092439794,3.669421075747707,3.950276967648855,4.142507748565812,4.173686154256572,4.094626401482629,3.971965949847537,3.852792219501246,3.7621533266481637,3.711814398443304,3.710170467729475,3.7422086618989185,3.7671815861638707,3.750144228797666
CY45-05_1-#3.csv,3,45,0.5,1.0,88,93.86,3.0300913055688503,3.0546646352629305,3.075618271403706,3.1192013438229194,3.194771471728883,3.301576726737735,3.4483471384380735,3.6623810728753736,3.9395185870891307,4.152402079037989,4.185770269159684,4.090099802851743,3.969132098661285,3.8558386880384083,3.767588977605664,3.7188131991222093,3.7110813974169985,3.732749814654786,3.7574481049980717,3.7458143509087574
CY45-05_1-#3.csv,3,45,0.5,1.0,89,93.82,3.0284375527867406,3.058912931989836,3.083855853597238,3.1235147786583246,3.1894959908059333,3.288031895878653,3.4358631095300964,3.6577669208700523,3.932291875659913,4.1360337839146935,4.177409956002369,4.093714743631894,3.9749301240481665,3.861513425054941,3.764250632912555,3.7074346541361836,3.699918061072189,3.728126014839333,3.7576947940817718,3.750552811185962
CY45-05_1-#3.csv,3,45,0.5,1.0,90,93.77,3.018551729952419,3.0447975054453305,3.073710624708766,3.1211391703048634,3.192380027369239,3.288907810079141,3.4333182146066186,3.65764350763157,3.937750197714048,4.14003619634894,4.170719006385367,4.09062911869534,3.969042495700356,3.8553758354307095,3.7645146124051116,3.708723828682456,3.695928939586927,3.7202540065220653,3.7499418635902226,3.7435615602529735
CY45-05_1-#3.csv,3,45,0.5,1.0,91,93.72,3.022823405374868,3.0536234639733997,3.079991355334959,3.124470795491043,3.1949193048976414,3.296191386563001,3.4351770244165922,3.648060357450302,3.927963887098344,4.149402635124756,4.190409433039714,4.090142244533837,3.9606797874771678,3.8540343132731674,3.771135623379583,3.7137004420026845,3.691007290072954,3.7071416788293683,3.73842972805898,3.7399454515314874
CY45-05_1-#3.csv,3,45,0.5,1.0,92,93.66,3.0161913305220436,3.045826748018125,3.0741749651732184,3.119987199573205,3.1891565012491716,3.2826275765501753,3.425608384050022,3.644119954106727,3.9216202622511007,4.129987493233306,4.172187503526802,4.094707306717968,3.9746455644860017,3.854127067719133,3.755802277526959,3.698263286406334,3.690571735724662,3.715169633151061,3.738483122484821,3.7278480819375512
CY45-05_1-#3.csv,3,45,0.5,1.0,93,93.62,3.017546617264272,3.0494752709665036,3.074131876008438,3.116006161504913,3.1837124757102084,3.279075865469834,3.4207601579260722,3.635187861575219,3.9110956094456832,4.132485605929123,4.177650472507567,4.09491755693079,3.974125446994986,3.86331336801729,3.7658265722945687,3.69510265751271,3.675812176269876,3.7074712051631566,3.7450429088266834,3.738355781710512
CY45-05_1-#3.csv,3,45,0.5,1.0,94,93.58,3.01634681227328,3.047716338948479,3.0738533506965213,3.1172897574133187,3.18329869166346,3.27668642194599,3.4125492899375174,3.623796404767901,3.900646148810927,4.1278438627415595,4.177268134019467,4.096878988222053,3.975667179353709,3.862529529230661,3.7684108810150403,3.7028179682867077,3.6809782186163473,3.699732386771382,3.732962960147735,3.7329390960119317
CY45-05_1-#3.csv,3,45,0.5,1.0,95,93.53,3.0114402368472533,3.042573835504513,3.070509321325313,3.1153764569652993,3.1858794474462093,3.279515226148605,3.4122228919375925,3.6150502999713594,3.892153731275755,4.122165332397183,4.1787750628397005,4.095859350167852,3.971464130851846,3.8638570132067556,3.767931484296638,3.7011455718959088,3.682025779729892,3.70101664744127,3.726490851814907,3.7244929829439424
CY45-05_1-#3.csv,3,45,0.5,1.0,96,93.48,3.0094146621542235,3.0442182658842527,3.0723590207757066,3.1145017418387964,3.178614921260731,3.270204007479625,3.404371896421194,3.610605317121704,3.89056632011478,4.11573059696455,4.1702632440677165,4.098910205705504,3.982373331257388,3.865321436778543,3.7664359065894506,3.696448651963455,3.668591733641665,3.684100246048229,3.7192566978946435,3.7295587333471514
CY45-05_1-#3.csv,3,45,0.5,1.0,97,93.44,3.0062552807767156,3.041681671961928,3.0723743447503846,3.116271109147812,3.1816262372883086,3.2706356541571724,3.406043158159268,3.6097873424489912,3.8849350154295563,4.119546548557591,4.173118730956616,4.097997963100171,3.980122558973885,3.8597430815929124,3.763094481556277,3.705054614027605,3.6829718000900478,3.6943146949746586,3.7193361213663665,3.7198624883490257
CY45-05_1-#3.csv,3,45,0.5,1.0,98,93.4,3.002960788077583,3.034967863973888,3.0626276724723565,3.106507115726283,3.1740537019607613,3.2656996894889527,3.3990983399029298,3.6007049870556016,3.873516390994403,4.111684509091028,4.1836040274101745,4.104507169519279,3.9735745092684756,3.8538246947171904,3.7550695668609695,3.6933745326619056,3.6739546220055215,3.691189491342119,3.7169767838332683,3.7143617051586353
CY45-05_1-#3.csv,3,45,0.5,1.0,99,93.36,3.002179375092453,3.0377289448906857,3.0679119645637467,3.1121226206701142,3.177757891145302,3.2680698452941974,3.3982698714801924,3.6004537136542867,3.8741545401792625,4.113419484999549,4.1783522750104085,4.096815998533753,3.977893426093088,3.861593212219576,3.7613866268787013,3.695681642529323,3.669715076797373,3.679461996601242,3.7060432226428923,3.7157539375541297
CY45-05_1-#3.csv,3,45,0.5,1.0,100,93.31,3.000976085726486,3.038761327644015,3.06719756597354,3.108281743909422,3.1753808066858698,3.2689811141001934,3.4013896705352873,3.5982318209775084,3.8620380062063098,4.100345248216531,4.166547359467229,4.09710918235486,3.983500576378281,3.8655578726618844,3.759938421436598,3.687102562396885,3.6618690151714475,3.679192488503306,3.710779670675871,3.7182811800520446
CY45-05_1-#3.csv,3,45,0.5,1.0,101,93.26,2.994452576457649,3.0298844256870523,3.058786618300221,3.102587514116722,3.171876439080068,3.265207878665624,3.3926626071836656,3.584640072252971,3.853093744861301,4.099921564215234,4.174535767729766,4.100498057247869,3.9774019569599606,3.8540996052943037,3.7536500619081696,3.6905580157458093,3.6647915816683994,3.6761865813447234,3.70521517052806,3.708772928044623
CY45-05_1-#3.csv,3,45,0.5,1.0,102,93.22,2.9951609393869707,3.029906166762327,3.059785909494096,3.1047717762208396,3.174342567729218,3.2658745796501103,3.393639500527718,3.588306175002608,3.8549100137739583,4.092858800574986,4.170618809228476,4.1041376221969905,3.9826542624178662,3.858965662536286,3.7570259249678197,3.6931315336064334,3.669466424910862,3.68026688656647,3.7059888455772536,3.7107698062074794
CY45-05_1-#3.csv,3,45,0.5,1.0,103,93.18,2.9915043595348183,3.0245653660001017,3.0529180176041915,3.0989088489459164,3.1707345907697775,3.2654124576632535,3.3936757670980398,3.589907674055052,3.8544466389529757,4.083430039808612,4.159802313509797,4.09885894093627,3.9827331271436615,3.8601454069001435,3.762029715235285,3.694103118466978,3.663214658715998,3.671291340924183,3.701609573845292,3.7095843596151443
CY45-05_1-#3.csv,3,45,0.5,1.0,105,93.14,3.0194343517865927,3.0573694586499975,3.0842623933463704,3.119510511938686,3.175780442751784,3.2604096470451913,3.386757115198267,3.5772191711625783,3.8440249100555177,4.114114686014404,4.21706605122186,4.158136664560274,4.034759504997467,3.8991223832352353,3.7817389298393183,3.7035487859829694,3.6736889084502806,3.6824192493366064,3.704341963199986,3.711053198239925
CY45-05_1-#3.csv,3,45,0.5,1.0,106,93.08,2.98807822100568,3.026687855409219,3.0543083886209224,3.0927570329954053,3.1548537662817973,3.244861040440327,3.3750173191247583,3.5672555743661323,3.8292234745775655,4.077119439333206,4.168978366271373,4.1073122656114895,3.9857539981795878,3.8598164289316363,3.7533977334033706,3.683190304348417,3.658728688449638,3.6711776193908237,3.6940326261719405,3.6966587462063005
CY45-05_1-#3.csv,3,45,0.5,1.0,107,93.02,2.9784317290380473,3.018434423985754,3.0539910158620818,3.1014257071246565,3.1673046218325287,3.251726233700807,3.370062955709431,3.556086145807484,3.827589323905349,4.089855269058442,4.182632259758561,4.11190794035971,3.987703606805433,3.8684186014384947,3.7627763211919056,3.682757662015174,3.6459755741619597,3.6586455056440186,3.6930418290215705,3.701329233530154
CY45-05_1-#3.csv,3,45,0.5,1.0,108,92.98,2.984694696726775,3.0205731052239453,3.046669147863643,3.0847836328711713,3.1496447967575154,3.240311805880333,3.366834824318726,3.5530289816039318,3.8207262090663248,4.072744097165784,4.168772278635643,4.102690622492582,3.9757179557189266,3.8548645711667433,3.7535119904048546,3.683890057888974,3.6531923064178295,3.6602343579363827,3.680224172916805,3.6828030328412527
CY45-05_1-#3.csv,3,45,0.5,1.0,109,92.94,2.976088219189684,3.0167500668020186,3.048407117404661,3.090540102138045,3.154958576027466,3.2435991119133374,3.365289604131556,3.5500695904153794,3.8154518818039533,4.070987759711114,4.16813253624018,4.111899069054134,3.985391268981792,3.8645459300429543,3.7678281206458943,3.6900977713765366,3.6495957475729375,3.656778240701518,3.6822297556793493,3.687030276490672
CY45-05_1-#3.csv,3,45,0.5,1.0,110,92.9,2.9745430396359867,3.0154830706559683,3.0470608491632767,3.089621895812662,3.1548580445262306,3.2428369522015634,3.3651083075245154,3.5495896340902067,3.8135085467536016,4.069850681611991,4.165471295121617,4.109495299198719,3.9909042677041358,3.8698059738410473,3.763919851030187,3.6823599810633656,3.63948937772068,3.643908385341201,3.6704053159529826,3.68103747890732
CY45-05_1-#3.csv,3,45,0.5,1.0,111,92.86,2.9747012051332202,3.0161989672974343,3.0499703385578205,3.0958092348070574,3.1624799924507903,3.2476084209984064,3.364381960954278,3.5431716675224014,3.7978300939876934,4.055876999012185,4.167917053587934,4.116478391719877,3.9913396332815667,3.8594427622224536,3.7494191531920453,3.676413241164715,3.6444698554396786,3.6494416997004153,3.673097386940116,3.682340667166643
CY45-05_1-#3.csv,3,45,0.5,1.0,112,92.82,2.967032090212714,3.0108373226723835,3.045432605978292,3.088250204240647,3.1521501448748968,3.2388059767815416,3.3598720468690244,3.5392127970141978,3.792559142294304,4.049841166951408,4.1604296156438005,4.112992317575031,3.9901363487866854,3.8628283196926976,3.7591361243778354,3.6845478089695125,3.6448160676684966,3.6449746831975443,3.6694996863714606,3.6827780967948263
CY45-05_1-#3.csv,3,45,0.5,1.0,113,92.77,2.972581399445151,3.015745067795997,3.0483353158819257,3.0891166152128955,3.1518706185686836,3.237051974841469,3.3555731641462057,3.5361063305709957,3.7907674167449614,4.043636646592193,4.153199836687699,4.105208524678141,3.9825832685613216,3.862881589134839,3.7588477885030125,3.680030807788199,3.638573208361605,3.638471244714319,3.6622863293660255,3.6766442644765402
CY45-05_1-#3.csv,3,45,0.5,1.0,114,92.75,2.97229332995069,3.017197837058966,3.048423254856938,3.0882336963988624,3.1503868729916182,3.238994348813681,3.3593699832006427,3.5388111992143454,3.792698418106333,4.051732734286622,4.167165386541374,4.116304252889727,3.9966617167726506,3.8659863729987167,3.757293212078824,3.679099698640722,3.6364944736027978,3.630742254591279,3.6507839666639716,3.66422319287545
CY45-05_1-#3.csv,3,45,0.5,1.0,115,92.7,2.9632138802759056,3.0090784556222654,3.0446228477259227,3.088952236125597,3.151678126149388,3.2346576527927846,3.347478275105421,3.520502681324841,3.775899120828996,4.040148300393273,4.16166074208698,4.113046595818102,4.001325137088059,3.871504893517085,3.754481917667592,3.672992926854213,3.634070822445283,3.6365297425939715,3.662618670259507,3.6705504697917783
CY45-05_1-#3.csv,3,45,0.5,1.0,116,92.67,2.959725337684355,3.0099525387539736,3.0488086854843477,3.091137642853582,3.148261938873698,3.2278177627269096,3.3451185786241435,3.5259252322526122,3.7764308507040845,4.03336466115129,4.159071682494134,4.124228183905159,4.000270525430337,3.8610533032872008,3.751605183004926,3.6742909868335065,3.6339404386918335,3.6301965494665858,3.6513570597245395,3.667955524143086
CY45-05_1-#3.csv,3,45,0.5,1.0,117,92.62,2.9650863343138414,3.008360102505679,3.0414426293318417,3.0838055418315866,3.1438865015508126,3.225004138555347,3.338758467713365,3.512054029550613,3.7613930007057994,4.030437431028245,4.167403699639454,4.121857270026013,4.004861741561791,3.878445430652438,3.765689686314229,3.6769659143553457,3.624325740653144,3.6163227052129314,3.6442975005120775,3.6652359678619337
CY45-05_1-#3.csv,3,45,0.5,1.0,118,92.58,2.961548828668401,3.0051933489777043,3.0398880351685262,3.085141062150754,3.149119824188363,3.2305496872616617,3.343601032754435,3.515940062072439,3.76747301246698,4.0321583716689435,4.152754149958259,4.106999936878774,3.993451946293947,3.87062112720683,3.763771928838136,3.6797928835463534,3.6322662882662966,3.6245497573036722,3.64479595005907,3.659057489927431
CY45-05_1-#3.csv,3,45,0.5,1.0,119,92.54,2.9563381520301193,3.003240309706381,3.0367894523146295,3.076909493663336,3.1378470446521494,3.220904978954757,3.3340711849050653,3.5078488246674295,3.7571432033800654,4.02008769193187,4.1472607984965,4.10940849373215,3.9964107512149343,3.873344528783498,3.759691115522816,3.667769336115145,3.617476709995504,3.6165004674136014,3.6465090433100666,3.6659612174623524
CY45-05_1-#3.csv,3,45,0.5,1.0,120,92.51,2.9607676266402043,3.0078715893591523,3.0422171411400196,3.0834993229262286,3.1445026302193733,3.2301874454174273,3.3414884835893197,3.5068227153670857,3.7484593543400124,4.018718314546227,4.167234467672537,4.137524585213781,4.013482402350751,3.8737254949074136,3.753228658490691,3.668208422436658,3.62086944567068,3.612147550596187,3.632295861730435,3.6512292138856326
CY45-05_1-#3.csv,3,45,0.5,1.0,121,92.47,2.9534780135005936,3.002653408533655,3.0383068674336386,3.0809450646540117,3.143560196232444,3.2281391334386997,3.3366107621675463,3.507037614853909,3.761085263531826,4.029168156512473,4.148175919853279,4.098799774304023,3.9854158584677597,3.8656572671119664,3.7591845072504833,3.6734274747592055,3.6191042763812664,3.614548775055694,3.6438776833418873,3.659184229388722
CY45-05_1-#3.csv,3,45,0.5,1.0,122,92.44,2.950039601848334,2.9987179117309335,3.0350971068732813,3.0785023976840438,3.1415266169305824,3.2272261938380273,3.3374062711963917,3.5023971189758947,3.7439756625216423,4.013635566239622,4.1479222714098745,4.105810215697916,4.002169717304243,3.8824322943933134,3.760866197416664,3.666380958786802,3.6175745553012923,3.6164275375500985,3.6406417794810455,3.6521238948206887
CY45-05_1-#3.csv,3,45,0.5,1.0,123,92.4,2.951987418296391,2.999801298751104,3.0327496361789157,3.073890243627605,3.1362872008506493,3.219172959228904,3.3276321348588365,3.48780228507018,3.7286031740216363,3.9995576871849674,4.155252562163237,4.128309312332356,4.0125077116572045,3.8777808061659695,3.7577863856960088,3.666689120117696,3.6153527717305938,3.6105655038884206,3.6313562127212298,3.6468315268679925
CY45-05_1-#3.csv,3,45,0.5,1.0,124,92.37,2.9477594313172952,3.0005466446513376,3.038798611368142,3.079147902872341,3.1360841162251605,3.215790035499883,3.3273320874727204,3.4918587247064474,3.7324019811710856,3.999145027250838,4.153541621959734,4.124148727935963,4.001470857978384,3.8691732215611814,3.754392595151339,3.668356070385973,3.6170084394716673,3.6096876291832793,3.629500765315927,3.638926255090559
CY45-05_1-#3.csv,3,45,0.5,1.0,125,92.32,2.944568117743591,2.9967857806621203,3.0308895695925155,3.0669115879379527,3.1242464239202055,3.2103848281066747,3.3273641158661245,3.492232274412886,3.72930468588072,3.9920917451371967,4.146848079970237,4.129800058466576,4.008116726612348,3.8639075480421297,3.747275837557225,3.670131597865689,3.6227357036150094,3.609204408590665,3.6207143937250827,3.6360181294681637
CY45-05_1-#3.csv,3,45,0.5,1.0,126,92.3,2.947342158796937,2.9957480743923464,3.03179690324838,3.072472812879339,3.131515330435128,3.2135116030738127,3.3228727810552146,3.485612680742949,3.731350827531265,4.002208028613951,4.142155477786732,4.117710728787537,4.008246808966366,3.8761706427791025,3.7593092290277963,3.674402851556458,3.6221273240984044,3.6083358508474417,3.62472498573429,3.6423405825817436
CY45-05_1-#3.csv,3,45,0.5,1.0,127,92.25,2.937576788652294,2.9883794704073163,3.0255863548652475,3.0666961614495762,3.1275714828433654,3.214995526000517,3.3269832081114674,3.488091333580484,3.717807283424757,3.980239663423808,4.13872518633783,4.12425576292144,4.011034229389305,3.8712752572387914,3.7508462668176334,3.666252467648268,3.6157994009448937,3.6056464031809004,3.6282949837321796,3.643236352733158
CY45-05_1-#3.csv,3,45,0.5,1.0,128,92.22,2.937203488439776,2.992820189006891,3.0320963576912656,3.071376801064855,3.126933324326965,3.206663930709256,3.317097128108677,3.4791993371410204,3.713251482074366,3.984783751300914,4.141594249769131,4.128722163325894,4.014526547962933,3.8764221971588753,3.753805844401487,3.662244894593268,3.612228240945791,3.6028662846353967,3.615095317653599,3.625117304120121
CY45-05_1-#3.csv,3,45,0.5,1.0,129,92.2,2.936417608205059,2.9914122064160824,3.0306675493177493,3.0685788156500995,3.1244700763256965,3.206054056546606,3.316448459146765,3.476131136955886,3.7093425056408,3.9812644260208407,4.145751160600827,4.135533673331543,4.015789080931441,3.8769899230312608,3.7535919499808696,3.6658076973639573,3.6151797488492265,3.6012414408943103,3.617028184649487,3.6375303251724205
CY45-05_1-#3.csv,3,45,0.5,1.0,131,92.17,2.9584663470257393,3.012648197077892,3.0525058276334693,3.093153356291151,3.1509769252075572,3.231589497760545,3.3318189718169173,3.481541219750792,3.7077783270961118,3.992735420505561,4.169915444820779,4.163454173141544,4.058621878540218,3.9206108834204105,3.7898240102641796,3.6915637692220424,3.6330884665986987,3.616967701381567,3.6287667994812884,3.6414376319968813
CY45-05_1-#3.csv,3,45,0.5,1.0,132,92.1,2.9302979869313055,2.982974601132604,3.0220901846055077,3.063647576844591,3.124008943393647,3.20764630160568,3.3158808261700106,3.469735260367799,3.6996214456643317,3.972273463815965,4.140238953875832,4.121105865996826,4.007353915033797,3.8765790552715647,3.7563600713754295,3.6684840959810634,3.6178178140110755,3.5996578222636946,3.6145814680276005,3.6341752274051617
CY45-05_1-#3.csv,3,45,0.5,1.0,133,92.07,2.934896513962617,2.9901341867112263,3.031019979616806,3.073751263918236,3.1317138541315135,3.2095553804563335,3.30971233815423,3.4610108176858354,3.6892579162163113,3.968992064878347,4.143462756084841,4.136031068416077,4.0210425537241425,3.881269217003868,3.7618453338086795,3.6662840330265585,3.6045650233520536,3.5850721831383687,3.6005306220668643,3.618538583254267
CY45-05_1-#3.csv,3,45,0.5,1.0,134,92.04,2.925642125124838,2.9825102449555803,3.0248372417455167,3.0677180616717754,3.124215440756495,3.1987666962594616,3.3009778392073543,3.4578498151635397,3.689663233511333,3.963751634863259,4.13659091536997,4.123598786387574,4.008729324328776,3.8841546605323405,3.7660748296307247,3.666022010679831,3.6055179664521764,3.5852434504044823,3.593030344345437,3.609218808121448
CY45-05_1-#3.csv,3,45,0.5,1.0,135,91.99,2.9283003366159757,2.983554400743627,3.0236377084891597,3.0644330061079397,3.121285877191321,3.199608500374697,3.30327581288514,3.4572497037302656,3.6929812935483817,3.9689382995300795,4.137788879937778,4.1134029848298415,3.995399343978943,3.874614466253399,3.765814974414712,3.67189413133039,3.6060426070395897,3.58160090842777,3.594413851837907,3.6153478614062324
CY45-05_1-#3.csv,3,45,0.5,1.0,136,91.96,2.920845917251102,2.979092091623672,3.02076763755699,3.0628947054836857,3.122186229388853,3.2024927365869558,3.3093137045886643,3.460338830207899,3.6797428392547227,3.949393768556399,4.135732255284665,4.1375535447547245,4.015562385405418,3.8839153538682862,3.765268032086231,3.6656961332478755,3.5994752983015386,3.5808321586935024,3.5994650356645623,3.6177717198418704
CY45-05_1-#3.csv,3,45,0.5,1.0,137,91.93,2.9221709836710144,2.978997035536666,3.0204828785121034,3.0618625649796787,3.118596936258849,3.199497506311212,3.306337637927169,3.4599892279790687,3.683848674130305,3.9553817631227153,4.133713550413596,4.125850158138745,4.011783336166306,3.877528334528435,3.7533595059160487,3.660975312491293,3.5996619093354454,3.5747689344998697,3.588208074947026,3.6150818756240195
CY45-05_1-#3.csv,3,45,0.5,1.0,138,91.89,2.916992106789811,2.9757331378443252,3.020000912870409,3.0646128467915412,3.1229010119467033,3.1983678875993933,3.2998583172141447,3.452321114507092,3.674486375748762,3.9467712379771434,4.127872066078797,4.126136594110309,4.0185040558737075,3.8900562061852053,3.7629787903631358,3.6575743214278247,3.593624423948488,3.5735622968595044,3.5816955907496446,3.596557349915
CY45-05_1-#3.csv,3,45,0.5,1.0,139,91.86,2.921456588960678,2.9801617727911336,3.021436178470433,3.0621970271175143,3.1197674340138244,3.197239956343758,3.297963751259686,3.445024001966267,3.6709063907125077,3.944790684089285,4.1365686471494945,4.127258368087525,4.00843525527368,3.881105649615497,3.764167073497832,3.6607383704476213,3.5867119657132926,3.5666980514207,3.5869307883321375,3.605240569687623
CY45-05_1-#3.csv,3,45,0.5,1.0,140,91.83,2.917734025318092,2.978307732140073,3.020504851102685,3.0604866904094514,3.1140515706877716,3.1886130251399214,3.29002034172075,3.4408851164244028,3.6632339795212157,3.933476757824977,4.127735827932864,4.1338542260606905,4.020588784336563,3.883469387017063,3.7582317901691074,3.6575050649010774,3.5889998587373904,3.567733611097183,3.5864808858087813,3.6110677527118225
CY45-05_1-#3.csv,3,45,0.5,1.0,141,91.79,2.9110229689583553,2.9734618022406454,3.0181606129002923,3.0590513367575363,3.1135254504109393,3.1885679402875655,3.291716502185794,3.439343165632851,3.663057427102762,3.9380376500241665,4.123144782697995,4.119868535698986,4.013108231916636,3.880633379769842,3.7654848927520828,3.66942917247073,3.5960800081878257,3.566555593496198,3.5779020128932473,3.599951421077077
CY45-05_1-#3.csv,3,45,0.5,1.0,142,91.76,2.91558375526706,2.976322072874275,3.0176928789236297,3.059036374867694,3.1179638909251786,3.1959113311127476,3.291968490681823,3.4331586019260363,3.6535049452754707,3.928002184756246,4.115130899413243,4.123412001710179,4.014245219567756,3.8812325284078053,3.764747316051362,3.665002286026256,3.594334335054956,3.5649646155187873,3.568751861213709,3.5836664208864426
CY45-05_1-#3.csv,3,45,0.5,1.0,143,91.73,2.909383319335354,2.9732627712628448,3.0172530996147287,3.057184875592874,3.1106790141909673,3.184866998330458,3.2866502092662406,3.433394405522268,3.6525417238461597,3.921710887369027,4.112897756400716,4.127610898204569,4.024983243869642,3.880834323908023,3.7511478636733853,3.656872704121123,3.5925738554703157,3.568202818232509,3.5801459051461317,3.599863926985354
CY45-05_1-#3.csv,3,45,0.5,1.0,144,91.7,2.903010443204342,2.961779373992141,3.006936197078396,3.0535498112035953,3.1157094805335173,3.1936708796678617,3.287237718495973,3.4237935977504645,3.637889137856512,3.911517415798223,4.10534188365151,4.12019273012955,4.021976600342568,3.893136322586861,3.7640635905000277,3.6582105914229497,3.5889548439475343,3.5633281849050684,3.5719427817330667,3.5918494643156023
CY45-05_1-#3.csv,3,45,0.5,1.0,145,91.67,2.909008666852931,2.962780387585171,3.003176696839609,3.045420216553252,3.1043943170957053,3.186985484368189,3.2914310996042992,3.430601227244195,3.634547558633326,3.8973950629622847,4.103519584092647,4.133990854475776,4.028379960547042,3.8853931659155463,3.76060240706079,3.660612858867554,3.5874155498327553,3.5505190678574365,3.5544916129480844,3.5718284448993423
CY45-05_1-#3.csv,3,45,0.5,1.0,146,91.63,2.902818803325583,2.964680785106014,3.0110775133666166,3.056862053919294,3.1145753242127183,3.186937849982338,3.2799341438874,3.4215154474885567,3.637013633747718,3.9067267981194322,4.106151512410876,4.128283870475115,4.02614754411255,3.8936225635786306,3.7654571720193792,3.664605991626469,3.592132794257822,3.5587706428962282,3.5692413011496305,3.593565292881097
CY45-05_1-#3.csv,3,45,0.5,1.0,147,91.6,2.89425677638722,2.9554320632816173,3.004216868037109,3.05024650342713,3.108294176689557,3.1874268782286683,3.28720439018681,3.4244083641837477,3.6335884328022106,3.9065458962034008,4.114513064820742,4.1253866203483085,4.020986475295267,3.8875210264859246,3.7610075713385402,3.656706585495289,3.5876978355720435,3.5588015277705285,3.5595156641834764,3.577598249402759
CY45-05_1-#3.csv,3,45,0.5,1.0,148,91.57,2.897664040568764,2.960819605343587,3.0081322091077674,3.0514107789069103,3.107026116111955,3.183638264922753,3.2830673121449654,3.420857142111452,3.6273770856980008,3.8898633383884125,4.095022348911278,4.128656392856273,4.024024481536054,3.8785451879991384,3.748458555554099,3.652618368567571,3.5892532430540305,3.560617093077222,3.564620206434189,3.582124569345525
CY45-05_1-#3.csv,3,45,0.5,1.0,149,91.55,2.8969843806509434,2.959321991415986,3.004415126401419,3.0469958130050774,3.102807897776438,3.178460934372343,3.277694306780054,3.417821203355313,3.6226479714664035,3.89421762804348,4.0995849605803105,4.121754562722644,4.016767923991811,3.8875744736381628,3.7615389653313507,3.6526266942828527,3.5801699358225845,3.5481291914506885,3.5510222957012743,3.5707155286548216
CY45-05_1-#3.csv,3,45,0.5,1.0,150,91.51,2.8976067550008846,2.963312776561096,3.0115957700013047,3.0534003184715806,3.1057890845174927,3.1783369777736454,3.2745059079920615,3.409244829509247,3.6181926169565366,3.8851672084588147,4.099536943990054,4.133953577908102,4.03185272997755,3.884207784358969,3.7553627083014627,3.656942639305399,3.585618889840391,3.5520341984574806,3.5567195696178087,3.573034778232518
CY45-05_1-#3.csv,3,45,0.5,1.0,151,91.47,2.8881557194856384,2.95257438354438,2.999875890021169,3.0427583175116624,3.098027024630567,3.173415261366196,3.268969093023728,3.4025783434333174,3.605559320212081,3.8776209495123743,4.101280057469562,4.135410465451657,4.029119638107771,3.8840769527315597,3.7523484818464414,3.6549614442707252,3.587908540227915,3.5505419596689656,3.5428496812133434,3.557353269250577
CY45-05_1-#3.csv,3,45,0.5,1.0,152,91.45,2.893768966104124,2.957077914515873,3.004874054902668,3.050038450957019,3.107113383075249,3.1811281237179934,3.275126990709519,3.408624562317924,3.6117684723933183,3.8803549816787557,4.095494227223075,4.135073758456336,4.041121332558635,3.9000743669754874,3.761126483772948,3.65652150988712,3.5836399369298437,3.54711955063716,3.5501277640931588,3.5698892142089393
CY45-05_1-#3.csv,3,45,0.5,1.0,153,91.41,2.8828284716415253,2.9467601469565237,2.998511700299556,3.046998532704818,3.1058158085063385,3.1821953740557825,3.278039349382817,3.411045092731615,3.6102821785498946,3.8655114955288146,4.071931185940342,4.115659555538587,4.026282703169591,3.8898595141946637,3.7589452910027723,3.6520722101146528,3.5768450358656234,3.542636135689857,3.5464846871876192,3.5620668547928895
CY45-05_1-#3.csv,3,45,0.5,1.0,154,91.39,2.8853338618890154,2.9498891863348855,2.9997216106341833,3.0448117894751716,3.1027735647525296,3.177768768634524,3.2733556343470984,3.401649719868342,3.599296232644709,3.8699453350744406,4.089211235391806,4.119968603836565,4.02756288169464,3.893927178304803,3.7649835869480173,3.6552148375369673,3.574681290141747,3.532618349502323,3.536145349322179,3.5666613281063437
CY45-05_1-#3.csv,3,45,0.5,1.0,155,91.36,2.8814500854861,2.9460106336838106,2.9965565384707493,3.041464154398239,3.0972371903967417,3.172937058569715,3.2693268245883558,3.4011862192574474,3.5980076596040336,3.86665786378301,4.089173954756987,4.130050323628378,4.026622031088579,3.88615158821442,3.7590209191901054,3.653390459707892,3.57725186354057,3.5415291790248875,3.542337551082928,3.558213216419441
CY45-05_1-#3.csv,3,45,0.5,1.0,157,91.17,2.910174917511839,2.9776018598199676,3.0286318003014525,3.072605147698963,3.124194086914275,3.1946058583344503,3.287469908851869,3.412009879987473,3.593320840432386,3.8495618094237964,4.094790684180284,4.175801207771396,4.086017282084216,3.9382201553924596,3.7969145975791143,3.6828964547534957,3.606253743186998,3.5591458432616796,3.545119005031483,3.5571154811348302
CY45-05_1-#3.csv,3,45,0.5,1.0,158,91.29,2.8802329363013266,2.945257877892767,2.9935063757697185,3.0365666372427342,3.092163450006386,3.1670069369839764,3.26180600803602,3.3916082373016962,3.5919789474637955,3.856790450630043,4.079422374178201,4.125155129856516,4.034106158084997,3.8997085961440763,3.769042845527303,3.65601825269252,3.5738053246261923,3.5294926084884093,3.531111509872904,3.5564892807401365
CY45-05_1-#3.csv,3,45,0.5,1.0,159,91.24,2.874937084446889,2.9432136704595644,2.9968034968575226,3.0412379621474543,3.092997114304354,3.1636246146273623,3.257572585958652,3.3868725657940013,3.5793528030765995,3.843921290603836,4.081914190831825,4.139650584186389,4.042346249024257,3.8946434506763103,3.755377193906258,3.645721864313575,3.5702020391811944,3.5323214965484,3.529968112947576,3.546353382238872
CY45-05_1-#3.csv,3,45,0.5,1.0,160,91.21,2.8747392462455887,2.941515209946666,2.992391204970655,3.038188992039713,3.0958991379611347,3.175817048508763,3.275049535312211,3.4023296285733657,3.586371137518248,3.840197314329185,4.067044495735519,4.118125684971095,4.038217234930651,3.906459251605028,3.7700440605906165,3.6555882410179574,3.575789297397317,3.5378306229666423,3.5385165790016315,3.5560692209508766
CY45-05_1-#3.csv,3,45,0.5,1.0,161,91.1,2.8719628406901383,2.9385406647263816,2.9885864761300747,3.033584711346677,3.0909749539315805,3.1698092063499264,3.2659748079692488,3.3892490423639137,3.575491856830435,3.8367123049289953,4.07957908685582,4.141715242719161,4.038452470008226,3.890552593673039,3.7593274254971933,3.655525217889091,3.579204251117182,3.5348386857370864,3.524981263204808,3.5427598768543036
CY45-05_1-#3.csv,3,45,0.5,1.0,162,91.18,2.8706336955101106,2.9383418270288004,2.9883877842988587,3.0329285385245557,3.091248080726236,3.169566200193411,3.263500034666105,3.385533403439923,3.5707834625835284,3.834157478160658,4.069798216050995,4.1203638661352535,4.020912586995677,3.894197070773246,3.7712975025991775,3.657608978971222,3.5705885656118634,3.526938352428003,3.5262933469831133,3.546698785064569
CY45-05_1-#3.csv,3,45,0.5,1.0,163,91.14,2.866512337505164,2.933260120862425,2.9874611370569877,3.0376665808770937,3.0969162269523833,3.1702912002950048,3.2597068785793812,3.3822085152979784,3.568719292032668,3.829638943396755,4.07257770745301,4.134926104206663,4.041955294376787,3.9084357580260862,3.774332640517296,3.654353647447592,3.56666119146901,3.5254419077444026,3.5240697716100886,3.540409199766681
CY45-05_1-#3.csv,3,45,0.5,1.0,164,91.11,2.8657993245613316,2.935809454983367,2.9922546310461886,3.040385789655989,3.093018234495206,3.1619299203844,3.253416181657056,3.3813095084988123,3.572768145044364,3.829764590430942,4.060436852444011,4.122149242632531,4.0448623936019885,3.9102370495435657,3.766857846429851,3.650051288581569,3.5671681077684068,3.5210981512522057,3.5138940355868233,3.5368103654171277
CY45-05_1-#3.csv,3,45,0.5,1.0,165,91.09,2.8655562446561387,2.930830358023811,2.984095037398356,3.0325588957195984,3.0880917392721603,3.1591751844422498,3.2506523103966662,3.375059741088419,3.5620801579497607,3.819060274417934,4.058789686516634,4.1296181899812305,4.0430520322333425,3.9032083171871874,3.765553026215211,3.652318077543186,3.5675109008323598,3.5211909209984387,3.515861233595632,3.538515515615301
CY45-05_1-#3.csv,3,45,0.5,1.0,166,91.05,2.866092039193311,2.9359033617378416,2.9929183303212694,3.0418587954007785,3.097169359588743,3.1676112490599997,3.2523850019480314,3.370540916268365,3.5542048403651503,3.811772230533328,4.052769281725375,4.122988599210979,4.047051479593875,3.9100441658928635,3.7683248408472836,3.6489275314033796,3.561871572269024,3.5140252197973587,3.5053778848100636,3.523854823891831
CY45-05_1-#3.csv,3,45,0.5,1.0,167,91.02,2.8625311436823666,2.9316736754896384,2.9867515316446585,3.0354142720423227,3.09363005489001,3.1672306101536627,3.2540303050855197,3.371916308473217,3.557573300261247,3.817518794706503,4.0522796520539845,4.120563069880381,4.046760633256575,3.910585338417688,3.774377777388198,3.658475523781148,3.5711844235127854,3.526644625344015,3.520548161723644,3.5321099055806555
CY45-05_1-#3.csv,3,45,0.5,1.0,168,90.99,2.8620607526684814,2.930386094734761,2.983561999435978,3.02988824742222,3.086508227615747,3.160096996323399,3.2500486762591136,3.3683482328639895,3.549523632980715,3.8028074596158934,4.0424828158039,4.117724784082191,4.042238717832208,3.9116863547795186,3.7716530462295297,3.65034829295673,3.563165403400029,3.5203009621922146,3.5169986731474507,3.5315899152884342
CY45-05_1-#3.csv,3,45,0.5,1.0,169,90.97,2.856275158611221,2.926103185298875,2.9817818118943755,3.032806272500106,3.0896729319558522,3.160192339447154,3.2473618538406197,3.367818692868792,3.5514152386297435,3.8009555469616716,4.037194872873276,4.115191293192079,4.044668841778718,3.9111573029404116,3.77002291916783,3.6548272015419734,3.5719604846799027,3.524431192848368,3.512575299277446,3.5245476947397307
CY45-05_1-#3.csv,3,45,0.5,1.0,170,90.94,2.857803112185694,2.9292503274920483,2.9858297376505596,3.0326824518700506,3.085539565851683,3.155481568033132,3.2436102075769018,3.365369645076326,3.546162431061763,3.795689408625598,4.040221169575954,4.125129935208381,4.046766869013022,3.9056762752067344,3.7665792637177806,3.6503103233856113,3.5637508683581562,3.516807703315471,3.507734384455594,3.523451097482891
CY45-05_1-#3.csv,3,45,0.5,1.0,171,90.91,2.8588425988480792,2.927964721475476,2.979856809694845,3.0258313866468285,3.0833493622327075,3.1585248803380974,3.2469604697410395,3.3614431381694527,3.5412740552274817,3.7968787379838456,4.041092597284338,4.124790279781342,4.0521234767316345,3.9137442600994543,3.767426168582081,3.647803764055594,3.560066657923653,3.511228598423449,3.501123416070446,3.517765667469314
CY45-05_1-#3.csv,3,45,0.5,1.0,172,90.88,2.850088966339431,2.9202235487880603,2.9764783348264987,3.0243034425339714,3.0785256804122074,3.149845951463909,3.2403205965146458,3.3608783467714662,3.539263590012073,3.7906517939451776,4.032121823899449,4.114875575477555,4.0441603613388315,3.9081519060841665,3.766527022610387,3.646810417286044,3.5572921635093553,3.507218428694583,3.4968327321280923,3.512867702720067
CY45-05_1-#3.csv,3,45,0.5,1.0,173,90.84,2.8516952181010815,2.9224542151782438,2.978473108599379,3.0266280925621123,3.0804837666637566,3.1503388218567663,3.2406420258054665,3.3625144503317874,3.5388278324451647,3.7826820863639075,4.027543943574959,4.125912938202067,4.0616238951538355,3.921937144309204,3.780697159505863,3.6623447436551597,3.570606670754074,3.513785382347151,3.4975531890670215,3.509297181785373
CY45-05_1-#3.csv,3,45,0.5,1.0,174,90.84,2.8512441570029594,2.9230404700022232,2.9803132795692395,3.0271670000665623,3.0780849327440696,3.145064293390539,3.233255169255972,3.356133347538832,3.5326043191026373,3.7807586744929575,4.02467651916891,4.114669764219415,4.042934928787277,3.9135209492753606,3.7791873724084586,3.6560544812211617,3.5565434833635803,3.502980654937063,3.493376827225486,3.509209533371516
CY45-05_1-#3.csv,3,45,0.5,1.0,175,90.8,2.8458380536216517,2.9193602829083423,2.9783814367512336,3.0267914493350823,3.080174505669743,3.1511793499986918,3.2409357269455947,3.356674323648596,3.5300649103603567,3.779025760991125,4.03432564167806,4.1250463581741865,4.042594727941592,3.8998734098397208,3.770118834714145,3.6602179245231667,3.574432013528149,3.519834654585483,3.50107082308222,3.5088858037811366
CY45-05_1-#3.csv,3,45,0.5,1.0,176,90.76,2.8446362844634487,2.915849156662621,2.97230515084556,3.0218071129686934,3.079980360055933,3.1539870565271295,3.2400181126149845,3.351550869792156,3.519905660479027,3.762802170375879,4.01287659145612,4.123756076997901,4.06049341148433,3.924876959328428,3.7833411785192395,3.6528806466345496,3.5541160200160573,3.5027667709254486,3.4946676391566607,3.505855152472714
CY45-05_1-#3.csv,3,45,0.5,1.0,177,90.75,2.8444968408688616,2.9168103676465793,2.9754788380743444,3.0260403268964917,3.081424109336771,3.1485025559681574,3.230077099346372,3.3448094084697,3.519936165624588,3.7717439343902734,4.022223609235976,4.118781529294255,4.050819880138555,3.921080603501886,3.7775238621854017,3.6515955189307943,3.560674349259128,3.504887208591362,3.4863912328564632,3.4993075465666297
CY45-05_1-#3.csv,3,45,0.5,1.0,178,90.72,2.839539513969439,2.9100820355254706,2.967279740357808,3.018065108841499,3.074871871326259,3.1455061734166234,3.2298207302842346,3.342047217392716,3.509165243534623,3.748686831873969,3.99962277667847,4.115055605510908,4.0611380936323,3.9247087180554616,3.777902239582339,3.6576292247396105,3.5642528149314088,3.505931096702403,3.4849882961858842,3.495952145698935
CY45-05_1-#3.csv,3,45,0.5,1.0,179,90.69,2.840228477923509,2.914868223964296,2.973140027496792,3.0199674498252524,3.073861725639576,3.145359617220632,3.2334462351302564,3.3442190426026785,3.5141462356637705,3.7579473486599277,4.015188372449576,4.115590055773231,4.042857620045115,3.90889208577304,3.768887848505672,3.6430758002865358,3.5518852880679987,3.49830113665666,3.4844859659315612,3.498343007161697
CY45-05_1-#3.csv,3,45,0.5,1.0,180,90.67,2.8365111863373187,2.912634939295396,2.973624491199996,3.0221427119910382,3.0764702446224783,3.148072035492473,3.2381691870663487,3.3524889441919403,3.518329971241745,3.7517351078758,4.004358286413939,4.125190516672527,4.074158160724186,3.927772773945549,3.7709789169799084,3.6464068811619685,3.55496871498891,3.5016669026953835,3.49110553006113,3.5046832525474043
CY45-05_1-#3.csv,3,45,0.5,1.0,181,90.64,2.8377013813027645,2.9114093965638896,2.970802414477825,3.0194892241765414,3.0738641634815145,3.1448906405381405,3.232085436037898,3.3436935044068754,3.5104176131558797,3.7527301728043687,4.007104355588003,4.120164675306357,4.060188766549933,3.920342421251122,3.7744317085653663,3.6548206409622503,3.5607098495231266,3.503240714036608,3.487244524202574,3.4950860852648837
CY45-05_1-#3.csv,3,45,0.5,1.0,183,90.61,2.854543999654984,2.9314665983328396,2.9966769488072273,3.047922345009383,3.098302114200874,3.1624678882009674,3.2462002858553354,3.3553192252129325,3.5106142590203517,3.7334812804816324,3.999183724712211,4.152997595343029,4.112659899569986,3.971264615603127,3.8188039982689532,3.682129378732708,3.577540231688316,3.515538090049941,3.4950928055341937,3.5028348638445532
CY45-05_1-#3.csv,3,45,0.5,1.0,184,90.57,2.832778824317162,2.907124449250303,2.968415513884706,3.0202918176640616,3.074365715168399,3.140245979893636,3.222521157801982,3.332171601716926,3.4993853844915885,3.738766638310824,3.99836002267288,4.109493905378661,4.052117233598815,3.9202835501341844,3.7796974302641946,3.6544757794567175,3.557963478400632,3.4984368264511794,3.479086044175152,3.4904275616801868
CY45-05_1-#3.csv,3,45,0.5,1.0,185,90.54,2.833444540226273,2.9065255567677,2.9654115960180216,3.016329498212119,3.071885161153337,3.1401686048126383,3.22358378068822,3.3313612768461343,3.497658790423879,3.7339468976234507,3.9906084681573364,4.1150534036467175,4.064391124209098,3.93022628029568,3.7862030712748322,3.6622943686312754,3.562691894708165,3.4964602753564025,3.476111883852108,3.4895366554680276
CY45-05_1-#3.csv,3,45,0.5,1.0,186,90.49,2.8240625629609055,2.90063028014703,2.966346199448209,3.019725756958557,3.0721002503017747,3.137154953385647,3.220048536245048,3.328940677527778,3.4933500857903015,3.7269650982404303,3.9816007811267693,4.11452245742472,4.07210232998848,3.9325959744322665,3.7803126970616985,3.6507441103572495,3.5548885140306945,3.490730248478909,3.466878575889958,3.4809038641031544
CY45-05_1-#3.csv,3,45,0.5,1.0,187,90.48,2.825820154013607,2.8990820965438027,2.9604282017112444,3.010974275853118,3.0652421290693157,3.132250546032522,3.216267822839867,3.323749394609836,3.4870734987181855,3.7160407870151504,3.9688816161328546,4.100839837815552,4.060452653593725,3.9256174046645103,3.7766478843292965,3.645847777863812,3.5493346316209475,3.488791741180044,3.4686997288316817,3.4802121950891403
CY45-05_1-#3.csv,3,45,0.5,1.0,188,90.46,2.8271856556979125,2.9001867341444756,2.9606719802098804,3.0130810556153644,3.069367646619612,3.138577810133542,3.222381022292835,3.3298195452261066,3.4909974003770827,3.7263048032190365,3.981792091330839,4.108314712128776,4.064241740513695,3.9297178761710105,3.7797524289134956,3.652300039681595,3.5584932062689054,3.4994050216895034,3.47407894703194,3.4775270774302713
CY45-05_1-#3.csv,3,45,0.5,1.0,189,90.42,2.8223000963343736,2.8974277087095897,2.959413541197138,3.010286760406633,3.066484963521658,3.1378135942051335,3.219727588549098,3.3233358070427923,3.4785542884705407,3.717910260029069,3.9863364847187555,4.125718941869274,4.0711578740379775,3.9252328106292333,3.7786351898267716,3.6508315991908367,3.550408936178218,3.490857117907034,3.467922679609687,3.4729500726161073
CY45-05_1-#3.csv,3,45,0.5,1.0,190,90.41,2.8153625892094314,2.89151766599455,2.9563994186382896,3.0113647037638165,3.067184996690339,3.1369789345507395,3.2208081140679337,3.322765429061617,3.475286837993727,3.709695560590327,3.984454119274687,4.12324395920922,4.067599734421065,3.927087469102294,3.786646063623532,3.656591426436137,3.5484945882381216,3.4881296997706235,3.4697115272242427,3.4758243363498877
CY45-05_1-#3.csv,3,45,0.5,1.0,191,90.36,2.8187387885618294,2.8946782327213363,2.9595571800126526,3.0117140607804807,3.064926933991154,3.1327700664059,3.217060461194713,3.3249790564689707,3.4840469305207016,3.711570341086746,3.9611187148702593,4.098961115739437,4.066417123884744,3.9299890834390463,3.779508832324696,3.6513576040681985,3.5530311143117217,3.4890453561303634,3.4630706139373992,3.467775973620282
CY45-05_1-#3.csv,3,45,0.5,1.0,192,90.34,2.8125174496427614,2.8904758427723842,2.9564695479755474,3.008387283709824,3.0610576626294415,3.1284617183418733,3.2136108189448906,3.3223011628938934,3.477911678532932,3.7034289910862563,3.9545626355500687,4.0973546105377805,4.060963415518269,3.928513788927685,3.78342908306663,3.653053388075402,3.554402945831321,3.4868298083687415,3.457155484758928,3.4660250683981966
CY45-05_1-#3.csv,3,45,0.5,1.0,193,90.31,2.819344540363859,2.8959553269664955,2.958200341120669,3.008008837404072,3.0604195547965474,3.126761845036944,3.211196867390834,3.3219318609512305,3.4803529771107873,3.709038920395767,3.9563791414416873,4.087444601723397,4.055076541100765,3.9331946964099567,3.7952323136438486,3.670103337920573,3.557642465251969,3.478649235262465,3.448428476549773,3.4630831978163523
CY45-05_1-#3.csv,3,45,0.5,1.0,194,90.29,2.812270637523171,2.8864910665632117,2.9480553024944394,3.0025117222231223,3.060934554223323,3.1335007102162082,3.2207801639009705,3.3226836562304696,3.471640804589598,3.695061982741417,3.956222355281576,4.101657813547038,4.062447535482652,3.9284672689892326,3.7819339362620434,3.6529021973399742,3.551135101434529,3.4842610219089143,3.458524580892601,3.4635200685758973
CY45-05_1-#3.csv,3,45,0.5,1.0,195,90.27,2.813480063395426,2.888673962493163,2.951690854871899,3.0035006816494434,3.0593562056496655,3.1296933075050286,3.214751824856664,3.3199584884702906,3.4741116133247254,3.70041542698148,3.9541163601528186,4.104515175431891,4.068503783845673,3.932525562987292,3.7855609836687636,3.656804327056922,3.553444122888439,3.4845731241152067,3.4573637362325966,3.464876674102314
CY45-05_1-#3.csv,3,45,0.5,1.0,196,90.23,2.809229574483209,2.88830876564309,2.9544381107121325,3.0085025697047474,3.064372879299993,3.1312290837291514,3.208827895264163,3.3090556258935364,3.4601771261405174,3.686888803372708,3.9478283445826365,4.096840068909076,4.064629432872453,3.9344847936823726,3.7904117012527117,3.658842834838513,3.548329325475192,3.4765498065576774,3.444651093277816,3.4526952401606885
CY45-05_1-#3.csv,3,45,0.5,1.0,197,90.22,2.808220185709081,2.8875119090520167,2.951435369054311,3.001654221421553,3.0538199676015085,3.1213424601941178,3.203416198608846,3.307122322013396,3.4600656876490126,3.680942581972786,3.9426135355044343,4.097366253402848,4.066590724873814,3.93905327329393,3.7955334160606875,3.6634219104302925,3.5543873670476045,3.4789408213001605,3.447078820322118,3.454221961499422
CY45-05_1-#3.csv,3,45,0.5,1.0,198,90.19,2.844958123209969,2.9297363957363864,3.0006622888751333,3.060969310434828,3.1243367812557477,3.2021105621161046,3.294493615503658,3.400524916102035,3.5432749219641293,3.7508925944583607,4.001414888807879,4.154246425087335,4.124240882493475,3.9884464268718616,3.829687893381433,3.689668800481555,3.5832061735090575,3.5099301351119556,3.473342787389986,3.4709667665127872
CY45-05_1-#3.csv,3,45,0.5,1.0,199,90.18,2.8079089268387536,2.884381623162231,2.948958354979006,3.0017881690111485,3.0583338673096847,3.1274322383324926,3.207574781730234,3.3072806656169513,3.4552645817118948,3.677432295121646,3.9393031257280975,4.088576253201297,4.0594535256355355,3.9335496503961997,3.7889915271973877,3.6601730254580804,3.5494327412405298,3.4770843340421753,3.4502014569249644,3.4568321361557093
CY45-05_1-#3.csv,3,45,0.5,1.0,200,89.95,2.8028649195972837,2.8805753894488846,2.9472398955969026,3.000151994974173,3.050681869135327,3.1156767159412366,3.2012736417892675,3.3081842331390705,3.4524580962264158,3.6690354764755577,3.9297654850247237,4.098885175925818,4.070129402889638,3.9377944242838794,3.7891908654847724,3.654191779506488,3.5445372781241744,3.4682835353085686,3.441508565958436,3.453474445033591
CY45-05_1-#3.csv,3,45,0.5,1.0,201,90.12,2.797943887384845,2.8735219469569095,2.9392034451692584,2.9934554844372205,3.0493926716173014,3.1165985392367688,3.1948526274831583,3.2916613806954937,3.439682433379329,3.6665576851925787,3.93838461157244,4.096848749622134,4.064877538740558,3.9274163491509646,3.7762671811799806,3.6458743939710385,3.5434998750770674,3.4762125566557827,3.44375003613919,3.4434294745300513
CY45-05_1-#3.csv,3,45,0.5,1.0,202,90.09,2.8048464989817345,2.8818374456815317,2.9484981501362073,3.0027071343664145,3.056602106204727,3.123724611631054,3.2052586173135635,3.307085448966598,3.450314624184503,3.6642965785317414,3.9218204613698076,4.085690258055933,4.076477805284449,3.9512310344839006,3.797239194759377,3.6616466297322456,3.549109851245213,3.475928426124005,3.4420118544216156,3.4393501385317418
CY45-05_1-#3.csv,3,45,0.5,1.0,203,90.07,2.7940570804830958,2.8742986792403165,2.9433925979912017,2.9980271956988798,3.051063095684992,3.1160302285768706,3.199745835589299,3.3028655243714193,3.4467746480484314,3.663791741108362,3.9263468110200956,4.091148331489974,4.068552807973534,3.935650893525607,3.7870859131495225,3.656299561896749,3.5467171215951323,3.4729511975965983,3.441980323621216,3.4506238382312295
CY45-05_1-#3.csv,3,45,0.5,1.0,204,90.05,2.7925935560290363,2.871545875021288,2.942179355532923,2.9984446173424426,3.0521811014325353,3.117939025705084,3.1990118463213904,3.2991283756225407,3.4401524285385574,3.6548559785147376,3.9118264510250325,4.074020246268231,4.05840173287787,3.941981611354932,3.7999870044342456,3.660478570098213,3.546824239451763,3.472216716732148,3.437387074504703,3.43557572242071
CY45-05_1-#3.csv,3,45,0.5,1.0,205,89.96,2.793383053059245,2.8713005853039704,2.940121327793074,2.9967448239708467,3.0528977656559757,3.120249070715594,3.199223418561266,3.2945090564771906,3.4321974744629316,3.6481830719773227,3.916282796840541,4.091838018524677,4.07291408526934,3.9374132815378107,3.784231827412167,3.651635362195679,3.5460263545779798,3.472501332563976,3.4375082475704617,3.4371999676608302
CY45-05_1-#3.csv,3,45,0.5,1.0,206,90.0,2.793109611840697,2.872331004133309,2.9408513177798854,2.9952801603871926,3.0489617083447884,3.116723243463958,3.198072081676123,3.292742521272763,3.4277314957683243,3.6401349686958824,3.9025859507021625,4.077880309510491,4.071040195072916,3.947817190704145,3.788756718963783,3.642324445888605,3.536489212676273,3.4695997975841015,3.435575545059711,3.434161229516487
CY45-05_1-#3.csv,3,45,0.5,1.0,207,89.97,2.7917274638658998,2.87636225144445,2.943460204422275,2.9953426160030596,3.0502018594570353,3.1193385687229394,3.201042332187929,3.2954010883165443,3.429472396270664,3.6397043401884934,3.90395106815708,4.0801117165222,4.064559169379206,3.935269265693901,3.7889437957068197,3.6614915237721455,3.5517392137553983,3.4687730655373965,3.425424338580906,3.424638410583117
